Discount Codes,Expiry Date,Offer
7JOHG9ZQ,08/30/2025,25% off on the Group Essentials Subscription for Everyday Business customers
BI8BYSNG,08/30/2025,25% off on the Group Essentials Subscription for Everyday Business customers
IZ4ZFRKM,08/30/2025,25% off on the Group Essentials Subscription for Everyday Business customers
RYOVJDOJ,08/30/2025,25% off on the Group Essentials Subscription for Everyday Business customers
ORBHVCZZ,08/30/2025,25% off on the Group Essentials Subscription for Everyday Business customers
NA2BWG2I,08/30/2025,25% off on the Group Essentials Subscription for Everyday Business customers
9YJEFUJR,08/30/2025,25% off on the Group Essentials Subscription for Everyday Business customers
H8GSRRXG,08/30/2025,25% off on the Group Essentials Subscription for Everyday Business customers
LJZQIJOQ,08/30/2025,25% off on the Group Essentials Subscription for Everyday Business customers
CLRM5FNU,08/30/2025,25% off on the Group Essentials Subscription for Everyday Business customers
